Player,Team,Position,Cap Hit,pv
Leon Draisaitl,Edmonton Oilers,F,"$14,000,000",14.0
Auston Matthews,Toronto Maple Leafs,F,"$13,250,000",13.25
Nathan MacKinnon,Colorado Avalanche,F,"$12,600,000",12.6
Connor McDavid,Edmonton Oilers,F,"$12,500,000",12.5
Mitchell Marner,Vegas Golden Knights,F,"$12,000,000",12.0
Mikko Rantanen,Dallas Stars,F,"$12,000,000",12.0
Artemi Panarin,Los Angeles Kings,F,"$11,642,857",11.643
Elias Pettersson,Vancouver Canucks,F,"$11,600,000",11.6
Erik Karlsson,Pittsburgh Penguins,D,"$11,500,000",11.5
William Nylander,Toronto Maple Leafs,F,"$11,500,000",11.5
David Pastrnak,Boston Bruins,F,"$11,250,000",11.25
Drew Doughty,Los Angeles Kings,D,"$11,000,000",11.0
Rasmus Dahlin,Buffalo Sabres,D,"$11,000,000",11.0
Evan Bouchard,Edmonton Oilers,D,"$10,500,000",10.5
Jonathan Huberdeau,Calgary Flames,F,"$10,500,000",10.5
Aleksander Barkov,Florida Panthers,F,"$10,000,000",10.0
Jack Eichel,Vegas Golden Knights,F,"$10,000,000",10.0
Tyler Seguin,Dallas Stars,F,"$9,850,000",9.85
Sebastian Aho,Carolina Hurricanes,F,"$9,750,000",9.75
Zach Werenski,Columbus Blue Jackets,D,"$9,583,333",9.583
Alex Ovechkin,Washington Capitals,F,"$9,500,000",9.5
Mark Stone,Vegas Golden Knights,F,"$9,500,000",9.5
Nikita Kucherov,Tampa Bay Lightning,F,"$9,500,000",9.5
Seth Jones,Florida Panthers,D,"$9,500,000",9.5
Brayden Point,Tampa Bay Lightning,F,"$9,500,000",9.5
Matthew Tkachuk,Florida Panthers,F,"$9,500,000",9.5
Charlie McAvoy,Boston Bruins,D,"$9,500,000",9.5
Adam Fox,New York Rangers,D,"$9,500,000",9.5
Noah Dobson,Montreal Canadiens,D,"$9,500,000",9.5
Darnell Nurse,Edmonton Oilers,D,"$9,250,000",9.25
Mathew Barzal,New York Islanders,F,"$9,150,000",9.15
Roman Josi,Nashville Predators,D,"$9,059,000",9.059
Dougie Hamilton,New Jersey Devils,D,"$9,000,000",9.0
Jake Guentzel,Tampa Bay Lightning,F,"$9,000,000",9.0
Kirill Kaprizov,Minnesota Wild,F,"$9,000,000",9.0
Jakob Chychrun,Washington Capitals,D,"$9,000,000",9.0
Cale Makar,Colorado Avalanche,D,"$9,000,000",9.0
Luke Hughes,New Jersey Devils,D,"$9,000,000",9.0
Alex Pietrangelo,Vegas Golden Knights,D,"$8,800,000",8.8
Timo Meier,New Jersey Devils,F,"$8,800,000",8.8
Travis Konecny,Philadelphia Flyers,F,"$8,750,000",8.75
Sidney Crosby,Pittsburgh Penguins,F,"$8,700,000",8.7
Dylan Larkin,Detroit Red Wings,F,"$8,700,000",8.7
Patrik Laine,Montreal Canadiens,F,"$8,700,000",8.7
Sam Reinhart,Florida Panthers,F,"$8,625,000",8.625
Moritz Seider,Detroit Red Wings,D,"$8,550,000",8.55
Brock Faber,Minnesota Wild,D,"$8,500,000",8.5
Mika Zibanejad,New York Rangers,F,"$8,500,000",8.5
Mark Scheifele,Winnipeg Jets,F,"$8,500,000",8.5
Filip Forsberg,Nashville Predators,F,"$8,500,000",8.5
Bo Horvat,New York Islanders,F,"$8,500,000",8.5
Nikolaj Ehlers,Carolina Hurricanes,F,"$8,500,000",8.5
Ivan Provorov,Columbus Blue Jackets,D,"$8,500,000",8.5
Pierre-Luc Dubois,Washington Capitals,F,"$8,500,000",8.5
Mikhail Sergachev,Utah Mammoth,D,"$8,500,000",8.5
Roope Hintz,Dallas Stars,F,"$8,450,000",8.45
Miro Heiskanen,Dallas Stars,D,"$8,450,000",8.45
Wyatt Johnston,Dallas Stars,F,"$8,400,000",8.4
Tim Stutzle,Ottawa Senators,F,"$8,350,000",8.35
Owen Power,Buffalo Sabres,D,"$8,350,000",8.35
Brady Tkachuk,Ottawa Senators,F,"$8,205,714",8.206
Tomas Hertl,Vegas Golden Knights,F,"$8,137,500",8.137
Jordan Kyrou,St Louis Blues,F,"$8,125,000",8.125
Robert Thomas,St Louis Blues,F,"$8,125,000",8.125
Lucas Raymond,Detroit Red Wings,F,"$8,075,000",8.075
Jake Sanderson,Ottawa Senators,D,"$8,050,000",8.05
Jack Hughes,New Jersey Devils,F,"$8,000,000",8.0
Steven Stamkos,Nashville Predators,F,"$8,000,000",8.0
Logan Couture,San Jose Sharks,F,"$8,000,000",8.0
John Carlson,Anaheim Ducks,D,"$8,000,000",8.0
Victor Hedman,Tampa Bay Lightning,D,"$8,000,000",8.0
J.T. Miller,New York Rangers,F,"$8,000,000",8.0
Jacob Trouba,Anaheim Ducks,D,"$8,000,000",8.0
Pavel Buchnevich,St Louis Blues,F,"$8,000,000",8.0
Sam Bennett,Florida Panthers,F,"$8,000,000",8.0
Thomas Chabot,Ottawa Senators,D,"$8,000,000",8.0
Joshua Norris,Buffalo Sabres,F,"$7,950,000",7.95
Kevin Fiala,Los Angeles Kings,F,"$7,875,000",7.875
Alex Debrincat,Detroit Red Wings,F,"$7,875,000",7.875
Jesper Bratt,New Jersey Devils,F,"$7,875,000",7.875
Nick Suzuki,Montreal Canadiens,F,"$7,875,000",7.875
Shea Weber,Chicago Blackhawks,D,"$7,857,143",7.857
Quinn Hughes,Minnesota Wild,D,"$7,850,000",7.85
Cole Caufield,Montreal Canadiens,F,"$7,850,000",7.85
Jason Robertson,Dallas Stars,F,"$7,750,000",7.75
Andrei Svechnikov,Carolina Hurricanes,F,"$7,750,000",7.75
Matthew Knies,Toronto Maple Leafs,F,"$7,750,000",7.75
Sean Couturier,Philadelphia Flyers,F,"$7,750,000",7.75
Elias Lindholm,Boston Bruins,F,"$7,750,000",7.75
John-Jason Peterka,Utah Mammoth,F,"$7,700,000",7.7
Juraj Slafkovský,Montreal Canadiens,F,"$7,600,000",7.6
Jared Spurgeon,Minnesota Wild,D,"$7,575,000",7.575
Brock Nelson,Colorado Avalanche,F,"$7,500,000",7.5
Morgan Rielly,Toronto Maple Leafs,D,"$7,500,000",7.5
Gabriel Vilardi,Winnipeg Jets,F,"$7,500,000",7.5
K'Andre Miller,Carolina Hurricanes,D,"$7,500,000",7.5
Alexis Lafreniere,New York Rangers,F,"$7,450,000",7.45
Shea Theodore,Vegas Golden Knights,D,"$7,425,000",7.425
Seth Jarvis,Carolina Hurricanes,F,"$7,420,087",7.42
Noah Hanifin,Vegas Golden Knights,D,"$7,350,000",7.35
Vince Dunn,Seattle Kraken,D,"$7,350,000",7.35
Devon Toews,Colorado Avalanche,D,"$7,250,000",7.25
Brock Boeser,Vancouver Canucks,F,"$7,250,000",7.25
Filip Hronek,Vancouver Canucks,D,"$7,250,000",7.25
Nico Hischier,New Jersey Devils,F,"$7,250,000",7.25
Clayton Keller,Utah Mammoth,F,"$7,150,000",7.15
Kevin Hayes,Pittsburgh Penguins,F,"$7,142,858",7.143
Brandon Montour,Seattle Kraken,D,"$7,142,857",7.143
Kyle Connor,Winnipeg Jets,F,"$7,142,857",7.143
Tage Thompson,Buffalo Sabres,F,"$7,142,857",7.143
Dylan Guenther,Utah Mammoth,F,"$7,142,875",7.143
Matthew Beniers,Seattle Kraken,F,"$7,142,857",7.143
Dylan Cozens,Ottawa Senators,F,"$7,100,000",7.1
Matt Boldy,Minnesota Wild,F,"$7,000,000",7.0
Mason McTavish,Anaheim Ducks,F,"$7,000,000",7.0
Anze Kopitar,Los Angeles Kings,F,"$7,000,000",7.0
Nazem Kadri,Colorado Avalanche,F,"$7,000,000",7.0
Anders Lee,New York Islanders,F,"$7,000,000",7.0
Mikael Granlund,Anaheim Ducks,F,"$7,000,000",7.0
Gabriel Landeskog,Colorado Avalanche,F,"$7,000,000",7.0
Brady Skjei,Nashville Predators,D,"$7,000,000",7.0
Carter Verhaeghe,Florida Panthers,F,"$7,000,000",7.0
Troy Terry,Anaheim Ducks,F,"$7,000,000",7.0
Vladislav Gavrikov,New York Rangers,D,"$7,000,000",7.0
Neal Pionk,Winnipeg Jets,D,"$7,000,000",7.0
Ryan McDonagh,Tampa Bay Lightning,D,"$6,750,000",6.75
Brayden Schenn,New York Islanders,F,"$6,500,000",6.5
Chris Kreider,Anaheim Ducks,F,"$6,500,000",6.5
Dmitry Orlov,San Jose Sharks,D,"$6,500,000",6.5
Cam Fowler,St Louis Blues,D,"$6,500,000",6.5
Justin Faulk,Detroit Red Wings,D,"$6,500,000",6.5
Brendan Gallagher,Montreal Canadiens,F,"$6,500,000",6.5
Torey Krug,St Louis Blues,D,"$6,500,000",6.5
Hampus Lindholm,Boston Bruins,D,"$6,500,000",6.5
Tom Wilson,Washington Capitals,F,"$6,500,000",6.5
Colton Parayko,St Louis Blues,D,"$6,500,000",6.5
Brandon Hagel,Tampa Bay Lightning,F,"$6,500,000",6.5
Martin Necas,Colorado Avalanche,F,"$6,500,000",6.5
Matt Coronato,Calgary Flames,F,"$6,500,000",6.5
Jaccob Slavin,Carolina Hurricanes,D,"$6,396,062",6.396
Ryan Ellis,Chicago Blackhawks,D,"$6,250,000",6.25
Mattias Ekholm,Edmonton Oilers,D,"$6,250,000",6.25
Alex Killorn,Anaheim Ducks,F,"$6,250,000",6.25
Damon Severson,Columbus Blue Jackets,D,"$6,250,000",6.25
Chandler Stephenson,Seattle Kraken,F,"$6,250,000",6.25
MacKenzie Weegar,Utah Mammoth,D,"$6,250,000",6.25
Josh Morrissey,Winnipeg Jets,D,"$6,250,000",6.25
Travis Sanheim,Philadelphia Flyers,D,"$6,250,000",6.25
Anthony Cirelli,Tampa Bay Lightning,F,"$6,250,000",6.25
Alexander Romanov,New York Islanders,D,"$6,250,000",6.25
Bowen Byram,Buffalo Sabres,D,"$6,250,000",6.25
Quinton Byfield,Los Angeles Kings,F,"$6,250,000",6.25
Owen Tippett,Philadelphia Flyers,F,"$6,200,000",6.2
Ryan Pulock,New York Islanders,D,"$6,150,000",6.15
Valeri Nichushkin,Colorado Avalanche,F,"$6,125,000",6.125
Evgeni Malkin,Pittsburgh Penguins,F,"$6,100,000",6.1
Kris Letang,Pittsburgh Penguins,D,"$6,100,000",6.1
Aaron Ekblad,Florida Panthers,D,"$6,100,000",6.1
Tyler Toffoli,San Jose Sharks,F,"$6,000,000",6.0
Jonas Brodin,Minnesota Wild,D,"$6,000,000",6.0
Ondrej Palat,New York Islanders,F,"$6,000,000",6.0
Sean Durzi,Utah Mammoth,D,"$6,000,000",6.0
William Karlsson,Vegas Golden Knights,F,"$5,900,000",5.9
Nick Schmaltz,Utah Mammoth,F,"$5,850,000",5.85
Adam Pelech,New York Islanders,D,"$5,750,000",5.75
Gustav Forsling,Florida Panthers,D,"$5,750,000",5.75
Matt Roy,Washington Capitals,D,"$5,750,000",5.75
Casey Mittelstadt,Boston Bruins,F,"$5,750,000",5.75
Dylan Samberg,Winnipeg Jets,D,"$5,750,000",5.75
Yegor Sharangovich,Calgary Flames,F,"$5,750,000",5.75
Trevor Zegras,Philadelphia Flyers,F,"$5,750,000",5.75
Vincent Trocheck,New York Rangers,F,"$5,625,000",5.625
Andrew Copp,Detroit Red Wings,F,"$5,625,000",5.625
Kaiden Guhle,Montreal Canadiens,D,"$5,550,000",5.55
Nicolas Hague,Nashville Predators,D,"$5,500,000",5.5
Morgan Geekie,Boston Bruins,F,"$5,500,000",5.5
Jaden Schwartz,Seattle Kraken,F,"$5,500,000",5.5
Zach Hyman,Edmonton Oilers,F,"$5,500,000",5.5
Phillip Danault,Montreal Canadiens,F,"$5,500,000",5.5
Jonathan Marchessault,Nashville Predators,F,"$5,500,000",5.5
Josh Anderson,Montreal Canadiens,F,"$5,500,000",5.5
Sean Monahan,Columbus Blue Jackets,F,"$5,500,000",5.5
Andre Burakovsky,Chicago Blackhawks,F,"$5,500,000",5.5
Tyler Bertuzzi,Chicago Blackhawks,F,"$5,500,000",5.5
Brett Pesce,New Jersey Devils,D,"$5,500,000",5.5
Adrian Kempe,Los Angeles Kings,F,"$5,500,000",5.5
Marcus Pettersson,Vancouver Canucks,D,"$5,500,000",5.5
Jake DeBrusk,Vancouver Canucks,F,"$5,500,000",5.5
Teuvo Teravainen,Chicago Blackhawks,F,"$5,400,000",5.4
Oliver Bjorkstrand,Tampa Bay Lightning,F,"$5,400,000",5.4
Christian Dvorak,Philadelphia Flyers,F,"$5,400,000",5.4
Kevin Bahl,Calgary Flames,D,"$5,350,000",5.35
Brad Marchand,Florida Panthers,F,"$5,250,000",5.25
Charlie Coyle,Columbus Blue Jackets,F,"$5,250,000",5.25
Adam Larsson,Seattle Kraken,D,"$5,250,000",5.25
Esa Lindell,Dallas Stars,D,"$5,250,000",5.25
Joel Eriksson Ek,Minnesota Wild,F,"$5,250,000",5.25
Erik Cernak,Tampa Bay Lightning,D,"$5,200,000",5.2
Cameron York,Philadelphia Flyers,D,"$5,150,000",5.15
Evander Kane,Vancouver Canucks,F,"$5,125,000",5.125
Bryan Rust,Pittsburgh Penguins,F,"$5,125,000",5.125
Ryan Nugent-Hopkins,Edmonton Oilers,F,"$5,125,000",5.125
Rasmus Ristolainen,Philadelphia Flyers,D,"$5,100,000",5.1
J.T. Compher,Detroit Red Wings,F,"$5,100,000",5.1
Ryan Strome,Calgary Flames,F,"$5,000,000",5.0
Rickard Rakell,Pittsburgh Penguins,F,"$5,000,000",5.0
Jean-Gabriel Pageau,New York Islanders,F,"$5,000,000",5.0
Ivan Barbashev,Vegas Golden Knights,F,"$5,000,000",5.0
Alexander Wennberg,San Jose Sharks,F,"$5,000,000",5.0
Nikita Zadorov,Boston Bruins,D,"$5,000,000",5.0
Jared McCann,Seattle Kraken,F,"$5,000,000",5.0
Dylan Strome,Washington Capitals,F,"$5,000,000",5.0
Samuel Girard,Pittsburgh Penguins,D,"$5,000,000",5.0
Joel Farabee,Calgary Flames,F,"$5,000,000",5.0
Ryan McLeod,Buffalo Sabres,F,"$5,000,000",5.0
Marco Rossi,Vancouver Canucks,F,"$5,000,000",5.0
Anton Lundell,Florida Panthers,F,"$5,000,000",5.0
Drake Batherson,Ottawa Senators,F,"$4,975,000",4.975
Conor Garland,Columbus Blue Jackets,F,"$4,950,000",4.95
Blake Coleman,Calgary Flames,F,"$4,900,000",4.9
Dylan Demelo,Winnipeg Jets,D,"$4,900,000",4.9
Mike Matheson,Montreal Canadiens,D,"$4,875,000",4.875
Jesperi Kotkaniemi,Carolina Hurricanes,F,"$4,820,000",4.82
Ilya Mikheyev,Chicago Blackhawks,F,"$4,750,000",4.75
Jordan Eberle,Seattle Kraken,F,"$4,750,000",4.75
Ben Chiarot,Detroit Red Wings,D,"$4,750,000",4.75
Kyle Palmieri,New York Islanders,F,"$4,750,000",4.75
Vladimir Tarasenko,Minnesota Wild,F,"$4,750,000",4.75
Jason Zucker,Buffalo Sabres,F,"$4,750,000",4.75
Alex Tuch,Buffalo Sabres,F,"$4,750,000",4.75
Pavel Zacha,Boston Bruins,F,"$4,750,000",4.75
Jamie Oleksiak,Seattle Kraken,D,"$4,600,000",4.6
Rasmus Sandin,Washington Capitals,D,"$4,600,000",4.6
Alex Vlasic,Chicago Blackhawks,D,"$4,600,000",4.6
Artyom Zub,Ottawa Senators,D,"$4,600,000",4.6
Philip Broberg,St Louis Blues,D,"$4,580,917",4.581
Frank Vatrano,Anaheim Ducks,F,"$4,571,189",4.571
Rasmus Andersson,Vegas Golden Knights,D,"$4,550,000",4.55
Kaapo Kakko,Seattle Kraken,F,"$4,525,000",4.525
Jake McCabe,Toronto Maple Leafs,D,"$4,513,102",4.513
Nick Foligno,Minnesota Wild,F,"$4,500,000",4.5
Mikael Backlund,Calgary Flames,F,"$4,500,000",4.5
Matt Duchene,Dallas Stars,F,"$4,500,000",4.5
Ryan O'Reilly,Nashville Predators,F,"$4,500,000",4.5
Christopher Tanev,Toronto Maple Leafs,D,"$4,500,000",4.5
Josh Manson,Colorado Avalanche,D,"$4,500,000",4.5
Cody Ceci,Los Angeles Kings,D,"$4,500,000",4.5
Ryan Graves,Pittsburgh Penguins,D,"$4,500,000",4.5
Artturi Lehkonen,Colorado Avalanche,F,"$4,500,000",4.5
Michael Bunting,Dallas Stars,F,"$4,500,000",4.5
Mason Marchment,Columbus Blue Jackets,F,"$4,500,000",4.5
Ryan Lindgren,Seattle Kraken,D,"$4,500,000",4.5
Filip Chytil,Vancouver Canucks,F,"$4,437,500",4.438
Connor Murphy,Edmonton Oilers,D,"$4,400,000",4.4
John Marino,Utah Mammoth,D,"$4,400,000",4.4
John Tavares,Toronto Maple Leafs,F,"$4,389,280",4.389
Morgan Frost,Calgary Flames,F,"$4,375,000",4.375
Jacob Middleton,Minnesota Wild,D,"$4,350,000",4.35
Lawson Crouse,Utah Mammoth,F,"$4,300,000",4.3
Andrei Kuzmenko,Los Angeles Kings,F,"$4,300,000",4.3
Mattias Samuelsson,Buffalo Sabres,D,"$4,285,714",4.286
Fabian Zetterlund,Ottawa Senators,F,"$4,275,000",4.275
Jack McBain,Utah Mammoth,F,"$4,250,000",4.25
Jason Dickinson,Edmonton Oilers,F,"$4,250,000",4.25
Trevor Moore,Los Angeles Kings,F,"$4,200,000",4.2
Dmitri Voronkov,Columbus Blue Jackets,F,"$4,175,000",4.175
Pius Suter,St Louis Blues,F,"$4,125,000",4.125
Mikey Anderson,Los Angeles Kings,D,"$4,125,000",4.125
Mats Zuccarello,Minnesota Wild,F,"$4,125,000",4.125
Dante Fabbro,Columbus Blue Jackets,D,"$4,125,000",4.125
Brandon Carlo,Toronto Maple Leafs,D,"$4,100,000",4.1
William Borgen,New York Rangers,D,"$4,100,000",4.1
Alex Laferriere,Los Angeles Kings,F,"$4,100,000",4.1
Nick Jensen,Ottawa Senators,D,"$4,050,000",4.05
David Perron,Detroit Red Wings,F,"$4,000,000",4.0
Nick Leddy,San Jose Sharks,D,"$4,000,000",4.0
Brian Dumoulin,Los Angeles Kings,D,"$4,000,000",4.0
Marcus Foligno,Minnesota Wild,F,"$4,000,000",4.0
Erik Gudbranson,Columbus Blue Jackets,D,"$4,000,000",4.0
Nino Niederreiter,Winnipeg Jets,F,"$4,000,000",4.0
Radko Gudas,Anaheim Ducks,D,"$4,000,000",4.0
John Klingberg,San Jose Sharks,D,"$4,000,000",4.0
Brenden Dillon,New Jersey Devils,D,"$4,000,000",4.0
Jonathan Drouin,St Louis Blues,F,"$4,000,000",4.0
Ryan Hartman,Minnesota Wild,F,"$4,000,000",4.0
Ryan Donato,Chicago Blackhawks,F,"$4,000,000",4.0
Viktor Arvidsson,Boston Bruins,F,"$4,000,000",4.0
Jordan Greenway,Buffalo Sabres,F,"$4,000,000",4.0
Ross Colton,Colorado Avalanche,F,"$4,000,000",4.0
Johnathan Kovacevic,New Jersey Devils,D,"$4,000,000",4.0
Noah Cates,Philadelphia Flyers,F,"$4,000,000",4.0
Thomas Harley,Dallas Stars,D,"$4,000,000",4.0
Dawson Mercer,New Jersey Devils,F,"$4,000,000",4.0
Will Cuylle,New York Rangers,F,"$3,900,000",3.9
Kirill Marchenko,Columbus Blue Jackets,F,"$3,850,000",3.85
Joel Edmundson,Los Angeles Kings,D,"$3,850,000",3.85
Trent Frederic,Edmonton Oilers,F,"$3,850,000",3.85
Connor Zary,Calgary Flames,F,"$3,775,000",3.775
Shane Pinto,Ottawa Senators,F,"$3,750,000",3.75
Tyson Foerster,Philadelphia Flyers,F,"$3,750,000",3.75
Jake Neighbours,St Louis Blues,F,"$3,750,000",3.75
Boone Jenner,Columbus Blue Jackets,F,"$3,750,000",3.75
Max Domi,Toronto Maple Leafs,F,"$3,750,000",3.75
Alexandre Carrier,Montreal Canadiens,D,"$3,750,000",3.75
Alex Iafallo,Winnipeg Jets,F,"$3,666,666",3.667
Brayden McNabb,Vegas Golden Knights,D,"$3,650,000",3.65
Barclay Goodrow,San Jose Sharks,F,"$3,641,667",3.642
Simon Holmstrom,New York Islanders,F,"$3,625,000",3.625
Sean Walker,Carolina Hurricanes,D,"$3,600,000",3.6
Andrew Mangiapane,Chicago Blackhawks,F,"$3,600,000",3.6
Oliver Ekman-Larsson,Toronto Maple Leafs,D,"$3,500,000",3.5
Scott Mayfield,New York Islanders,D,"$3,500,000",3.5
Olli Maatta,Calgary Flames,D,"$3,500,000",3.5
Anthony Duclair,New York Islanders,F,"$3,500,000",3.5
Nate Schmidt,Utah Mammoth,D,"$3,500,000",3.5
Warren Foegele,Ottawa Senators,F,"$3,500,000",3.5
Yakov Trenin,Minnesota Wild,F,"$3,500,000",3.5
Thomas Novak,Pittsburgh Penguins,F,"$3,500,000",3.5
Eeli Tolvanen,Seattle Kraken,F,"$3,475,000",3.475
Matias Maccelli,Toronto Maple Leafs,F,"$3,425,000",3.425
Tanner Jeannot,Boston Bruins,F,"$3,400,000",3.4
Justin Holl,St Louis Blues,D,"$3,400,000",3.4
Jake Walman,Edmonton Oilers,D,"$3,400,000",3.4
Jonas Siegenthaler,New Jersey Devils,D,"$3,400,000",3.4
Aliaksei Protas,Washington Capitals,F,"$3,375,000",3.375
Jack Quinn,Buffalo Sabres,F,"$3,375,000",3.375
Janis Jérôme Moser,Tampa Bay Lightning,D,"$3,375,000",3.375
Kirby Dach,Montreal Canadiens,F,"$3,362,500",3.362
Connor Clifton,Pittsburgh Penguins,D,"$3,333,333",3.333
Mario Ferraro,San Jose Sharks,D,"$3,250,000",3.25
Ilya Lyubushkin,Dallas Stars,D,"$3,250,000",3.25
Cole Perfetti,Winnipeg Jets,F,"$3,250,000",3.25
Ridly Greig,Ottawa Senators,F,"$3,250,000",3.25
Gustav Nyquist,Winnipeg Jets,F,"$3,250,000",3.25
Adam Lowry,Winnipeg Jets,F,"$3,250,000",3.25
Carson Soucy,New York Islanders,D,"$3,250,000",3.25
Dakota Joshua,Toronto Maple Leafs,F,"$3,250,000",3.25
Shayne Gostisbehere,Carolina Hurricanes,D,"$3,200,000",3.2
Michael Rasmussen,Detroit Red Wings,F,"$3,200,000",3.2
Mason Lohrei,Boston Bruins,D,"$3,200,000",3.2
Taylor Hall,Carolina Hurricanes,F,"$3,166,667",3.167
Erik Haula,Nashville Predators,F,"$3,150,000",3.15
Nick Paul,Tampa Bay Lightning,F,"$3,150,000",3.15
Jordan Martinook,Carolina Hurricanes,F,"$3,050,000",3.05
Patrick Kane,Detroit Red Wings,F,"$3,000,000",3.0
Adam Henrique,Edmonton Oilers,F,"$3,000,000",3.0
Tyler Myers,Dallas Stars,D,"$3,000,000",3.0
Nic Dowd,Vegas Golden Knights,F,"$3,000,000",3.0
Vladislav Namestnikov,Winnipeg Jets,F,"$3,000,000",3.0
Scott Laughton,Los Angeles Kings,F,"$3,000,000",3.0
Alexander Kerfoot,Utah Mammoth,F,"$3,000,000",3.0
Connor Brown,New Jersey Devils,F,"$3,000,000",3.0
Trevor van Riemsdyk,Washington Capitals,D,"$3,000,000",3.0
Evan Rodrigues,Florida Panthers,F,"$3,000,000",3.0
Nicolas Roy,Colorado Avalanche,F,"$3,000,000",3.0
Jalen Chatfield,Carolina Hurricanes,D,"$3,000,000",3.0
Timothy Liljegren,Washington Capitals,D,"$3,000,000",3.0
Henri Jokiharju,Boston Bruins,D,"$3,000,000",3.0
Eetu Luostarinen,Florida Panthers,F,"$3,000,000",3.0
Pierre Engvall,New York Islanders,F,"$3,000,000",3.0
Mathieu Olivier,Columbus Blue Jackets,F,"$3,000,000",3.0
Nils Hoglander,Vancouver Canucks,F,"$3,000,000",3.0
Luke Evangelista,Nashville Predators,F,"$3,000,000",3.0
Alex Newhook,Montreal Canadiens,F,"$2,900,000",2.9
Jordan Staal,Carolina Hurricanes,F,"$2,900,000",2.9
Mason Appleton,Detroit Red Wings,F,"$2,900,000",2.9
Colton Sissons,Vegas Golden Knights,F,"$2,857,143",2.857
Jake Evans,Montreal Canadiens,F,"$2,850,000",2.85
Ian Cole,Utah Mammoth,D,"$2,800,000",2.8
Luke Schenn,Buffalo Sabres,D,"$2,750,000",2.75
Stefan Noesen,New Jersey Devils,F,"$2,750,000",2.75
Brett Kulak,Colorado Avalanche,D,"$2,750,000",2.75
Anthony Beauvillier,Washington Capitals,F,"$2,750,000",2.75
Andrew Peeke,Boston Bruins,D,"$2,750,000",2.75
Nicklaus Perbix,Nashville Predators,D,"$2,750,000",2.75
Zach Whitecloud,Calgary Flames,D,"$2,750,000",2.75
Nick Seeler,Philadelphia Flyers,D,"$2,700,000",2.7
Martin Fehervary,Washington Capitals,D,"$2,675,000",2.675
Barrett Hayton,Utah Mammoth,F,"$2,650,000",2.65
Michael Amadio,Ottawa Senators,F,"$2,600,000",2.6
Casey Cizikas,New York Islanders,F,"$2,500,000",2.5
Joel Armia,Los Angeles Kings,F,"$2,500,000",2.5
Anthony Mantha,Pittsburgh Penguins,F,"$2,500,000",2.5
Miles Wood,Columbus Blue Jackets,F,"$2,500,000",2.5
Keegan Kolesar,Vegas Golden Knights,F,"$2,500,000",2.5
Niko Mikkola,Florida Panthers,D,"$2,500,000",2.5
Brandon Tanev,Utah Mammoth,F,"$2,500,000",2.5
Brett Howden,Vegas Golden Knights,F,"$2,500,000",2.5
Cody Glass,New Jersey Devils,F,"$2,500,000",2.5
Logan O'Connor,Colorado Avalanche,F,"$2,500,000",2.5
Drew O'Connor,Vancouver Canucks,F,"$2,500,000",2.5
Garnet Hathaway,Philadelphia Flyers,F,"$2,400,000",2.4
Yanni Gourde,Tampa Bay Lightning,F,"$2,333,333",2.333
Jamie Drysdale,Philadelphia Flyers,D,"$2,300,000",2.3
Dylan Holloway,St Louis Blues,F,"$2,290,457",2.29
Cole Sillinger,Columbus Blue Jackets,F,"$2,250,000",2.25
Maxim Tsyplakov,New Jersey Devils,F,"$2,250,000",2.25
Danton Heinen,Columbus Blue Jackets,F,"$2,250,000",2.25
Conor Timmins,Buffalo Sabres,D,"$2,200,000",2.2
Braden Schneider,New York Rangers,D,"$2,200,000",2.2
Connor McMichael,Washington Capitals,F,"$2,100,000",2.1
Yegor Chinakhov,Pittsburgh Penguins,F,"$2,100,000",2.1
Calle Jarnkrok,Toronto Maple Leafs,F,"$2,100,000",2.1
Frederick Gaudreau,Seattle Kraken,F,"$2,100,000",2.1
Sam Steel,Dallas Stars,F,"$2,100,000",2.1
Ryker Evans,Seattle Kraken,D,"$2,050,000",2.05
Nico Sturm,Minnesota Wild,F,"$2,000,000",2.0
Corey Perry,Tampa Bay Lightning,F,"$2,000,000",2.0
Claude Giroux,Ottawa Senators,F,"$2,000,000",2.0
Jonathan Toews,Winnipeg Jets,F,"$2,000,000",2.0
Reilly Smith,Vegas Golden Knights,F,"$2,000,000",2.0
Derek Forbort,Vancouver Canucks,D,"$2,000,000",2.0
Brandon Saad,Vegas Golden Knights,F,"$2,000,000",2.0
Radek Faksa,Dallas Stars,F,"$2,000,000",2.0
William Carrier,Carolina Hurricanes,F,"$2,000,000",2.0
Sam Lafferty,Chicago Blackhawks,F,"$2,000,000",2.0
Jeremy Lauzon,Vegas Golden Knights,D,"$2,000,000",2.0
Kevin Stenlund,Utah Mammoth,F,"$2,000,000",2.0
Adam Gaudette,San Jose Sharks,F,"$2,000,000",2.0
Noel Acciari,Pittsburgh Penguins,F,"$2,000,000",2.0
Ryan Lomberg,Calgary Flames,F,"$2,000,000",2.0
Vincent Desharnais,San Jose Sharks,D,"$2,000,000",2.0
Ryan Poehling,Anaheim Ducks,F,"$1,900,000",1.9
Morgan Barron,Winnipeg Jets,F,"$1,850,000",1.85
Blake Lizotte,Pittsburgh Penguins,F,"$1,850,000",1.85
Sean Kuraly,Boston Bruins,F,"$1,850,000",1.85
Brandon Duhaime,Washington Capitals,F,"$1,850,000",1.85
Pavel Dorofeyev,Vegas Golden Knights,F,"$1,835,000",1.835
Jonatan Berggren,St Louis Blues,F,"$1,825,000",1.825
Nicholas Robertson,Toronto Maple Leafs,F,"$1,825,000",1.825
Justin Danforth,Buffalo Sabres,F,"$1,800,000",1.8
Kent Johnson,Columbus Blue Jackets,F,"$1,800,000",1.8
Teddy Blueger,Vancouver Canucks,F,"$1,800,000",1.8
Carl Grundstrom,Philadelphia Flyers,F,"$1,800,000",1.8
Nicolas Deslauriers,Carolina Hurricanes,F,"$1,750,000",1.75
Nick Bjugstad,New Jersey Devils,F,"$1,750,000",1.75
Tony DeAngelo,New York Islanders,D,"$1,750,000",1.75
Joel Hanley,Calgary Flames,D,"$1,750,000",1.75
Jake Bean,Calgary Flames,D,"$1,750,000",1.75
Jack Drury,Colorado Avalanche,F,"$1,725,000",1.725
Alexei Toropchenko,St Louis Blues,F,"$1,700,000",1.7
Wyatt Kaiser,Chicago Blackhawks,D,"$1,700,000",1.7
Eric Robinson,Carolina Hurricanes,F,"$1,700,000",1.7
Declan Chisholm,Washington Capitals,D,"$1,600,000",1.6
Tyler Kleven,Ottawa Senators,D,"$1,600,000",1.6
Victor Olofsson,Calgary Flames,F,"$1,575,000",1.575
Mark Kastelic,Boston Bruins,F,"$1,566,667",1.567
Urho Vaakanainen,New York Rangers,D,"$1,550,000",1.55
Pontus Holmberg,Tampa Bay Lightning,F,"$1,550,000",1.55
Jesper Boqvist,Florida Panthers,F,"$1,500,000",1.5
Kiefer Sherwood,San Jose Sharks,F,"$1,500,000",1.5
Justin Brazeau,Pittsburgh Penguins,F,"$1,500,000",1.5
Bobby Brink,Minnesota Wild,F,"$1,500,000",1.5
Jordan Spence,Ottawa Senators,D,"$1,500,000",1.5
Colin Miller,Winnipeg Jets,D,"$1,500,000",1.5
Oskar Sundqvist,St Louis Blues,F,"$1,500,000",1.5
Jack Roslovic,Edmonton Oilers,F,"$1,500,000",1.5
Taylor Raddysh,New York Rangers,F,"$1,500,000",1.5
Mattias Janmark,Edmonton Oilers,F,"$1,450,000",1.45
Michael Eyssimont,Boston Bruins,F,"$1,450,000",1.45
Peyton Krebs,Buffalo Sabres,F,"$1,450,000",1.45
Jayden Struble,Montreal Canadiens,D,"$1,412,500",1.413
Michael Kesselring,Buffalo Sabres,D,"$1,400,000",1.4
Sam Malinski,Colorado Avalanche,D,"$1,400,000",1.4
Simon Benoit,Toronto Maple Leafs,D,"$1,350,000",1.35
Bobby McMann,Seattle Kraken,F,"$1,350,000",1.35
Ryan Reaves,San Jose Sharks,F,"$1,350,000",1.35
Steven Lorentz,Toronto Maple Leafs,F,"$1,350,000",1.35
Beck Malenstyn,Buffalo Sabres,F,"$1,350,000",1.35
Kasperi Kapanen,Edmonton Oilers,F,"$1,300,000",1.3
Ty Dellandrea,San Jose Sharks,F,"$1,300,000",1.3
Isac Lundestrom,Columbus Blue Jackets,F,"$1,300,000",1.3
Ty Emberson,Edmonton Oilers,D,"$1,300,000",1.3
Arber Xhekaj,Montreal Canadiens,D,"$1,300,000",1.3
Nils Lundkvist,Dallas Stars,D,"$1,250,000",1.25
Joel Kiviranta,Colorado Avalanche,F,"$1,250,000",1.25
Juuso Parssinen,New York Rangers,F,"$1,250,000",1.25
Tye Kartye,New York Rangers,F,"$1,250,000",1.25
Adam Klapka,Calgary Flames,F,"$1,250,000",1.25
Zach Bogosian,Minnesota Wild,D,"$1,250,000",1.25
Lars Eller,Ottawa Senators,F,"$1,250,000",1.25
Logan Stanley,Buffalo Sabres,D,"$1,250,000",1.25
Philipp Kurashev,San Jose Sharks,F,"$1,200,000",1.2
Gage Goncalves,Tampa Bay Lightning,F,"$1,200,000",1.2
Brayden Pachal,Calgary Flames,D,"$1,187,500",1.188
Justin Barron,Nashville Predators,D,"$1,150,000",1.15
Dmitry Kulikov,Florida Panthers,D,"$1,150,000",1.15
Kurtis MacDermid,Ottawa Senators,F,"$1,150,000",1.15
Albert Johansson,Detroit Red Wings,D,"$1,125,000",1.125
Elmer Soderblom,Pittsburgh Penguins,F,"$1,125,000",1.125
Connor Dewar,Pittsburgh Penguins,F,"$1,100,000",1.1
Drew Helleson,Anaheim Ducks,D,"$1,100,000",1.1
Emil Heineman,New York Islanders,F,"$1,100,000",1.1
Mike Reilly,Carolina Hurricanes,D,"$1,100,000",1.1
Ross Johnston,Anaheim Ducks,F,"$1,100,000",1.1
David Kampf,Washington Capitals,F,"$1,100,000",1.1
Brent Burns,Colorado Avalanche,D,"$1,000,000",1.0
Jamie Benn,Dallas Stars,F,"$1,000,000",1.0
James van Riemsdyk,Detroit Red Wings,F,"$1,000,000",1.0
Evgenii Dadonov,New Jersey Devils,F,"$1,000,000",1.0
Sam Carrick,Buffalo Sabres,F,"$1,000,000",1.0
Travis Hamonic,Detroit Red Wings,D,"$1,000,000",1.0
Tanner Pearson,Buffalo Sabres,F,"$1,000,000",1.0
Matt Grzelcyk,Chicago Blackhawks,D,"$1,000,000",1.0
Liam O'Brien,Utah Mammoth,F,"$1,000,000",1.0
Parker Wotherspoon,Pittsburgh Penguins,D,"$1,000,000",1.0
Alexandre Texier,Montreal Canadiens,F,"$1,000,000",1.0
Martin Pospisil,Calgary Flames,F,"$1,000,000",1.0
Cole Koepke,Winnipeg Jets,F,"$1,000,000",1.0
Yegor Zamula,Columbus Blue Jackets,D,"$1,000,000",1.0
Vasily Podkolzin,Edmonton Oilers,F,"$1,000,000",1.0
Cole Smith,Vegas Golden Knights,F,"$1,000,000",1.0
Shakir Mukhamadullin,San Jose Sharks,D,"$1,000,000",1.0
Jake Christiansen,Columbus Blue Jackets,D,"$975,000",0.975
Adam Edstrom,New York Rangers,F,"$975,000",0.975
Matt Rempe,New York Rangers,F,"$975,000",0.975
Macklin Celebrini,San Jose Sharks,F,"$975,000",0.975
Artyom Levshunov,Chicago Blackhawks,D,"$975,000",0.975
Matthew Schaefer,New York Islanders,D,"$975,000",0.975
Michael Misa,San Jose Sharks,F,"$975,000",0.975
Josh Samanski,Edmonton Oilers,F,"$975,000",0.975
Benjamin Kindel,Pittsburgh Penguins,F,"$975,000",0.975
Maxim Shabanov,New York Islanders,F,"$975,000",0.975
Ben Hutton,Vegas Golden Knights,D,"$975,000",0.975
Darren Raddysh,Tampa Bay Lightning,D,"$975,000",0.975
Zeev Buium,Vancouver Canucks,D,"$966,667",0.967
Mavrik Bourque,Dallas Stars,F,"$950,000",0.95
Logan Cooley,Utah Mammoth,F,"$950,000",0.95
Cutter Gauthier,Anaheim Ducks,F,"$950,000",0.95
Frank Nazar,Chicago Blackhawks,F,"$950,000",0.95
Ivan Miroshnichenko,Washington Capitals,F,"$950,000",0.95
Jimmy Snuggerud,St Louis Blues,F,"$950,000",0.95
Danila Yurov,Minnesota Wild,F,"$950,000",0.95
Ryan Greene,Chicago Blackhawks,F,"$950,000",0.95
Lane Hutson,Montreal Canadiens,D,"$950,000",0.95
Stephen Halliday,Ottawa Senators,F,"$950,000",0.95
Alex Bump,Philadelphia Flyers,F,"$950,000",0.95
Zach Benson,Buffalo Sabres,F,"$950,000",0.95
Connor Bedard,Chicago Blackhawks,F,"$950,000",0.95
Hunter Brzustewicz,Calgary Flames,D,"$950,000",0.95
Leo Carlsson,Anaheim Ducks,F,"$950,000",0.95
Adam Fantilli,Columbus Blue Jackets,F,"$950,000",0.95
Will Smith,San Jose Sharks,F,"$950,000",0.95
Matvei Michkov,Philadelphia Flyers,F,"$950,000",0.95
Ryan Leonard,Washington Capitals,F,"$950,000",0.95
Tom Willander,Vancouver Canucks,D,"$950,000",0.95
Matthew Wood,Nashville Predators,F,"$950,000",0.95
Gavin Brindley,Colorado Avalanche,F,"$950,000",0.95
Lenni Hämeenaho,New Jersey Devils,F,"$950,000",0.95
Haydn Fleury,Winnipeg Jets,D,"$950,000",0.95
Beckett Sennecke,Anaheim Ducks,F,"$942,500",0.943
Zayne Parekh,Calgary Flames,D,"$942,500",0.943
Sam Dickinson,San Jose Sharks,D,"$942,500",0.943
Berkly Catton,Seattle Kraken,F,"$942,500",0.943
Michael Brandsegg-Nygård,Detroit Red Wings,F,"$942,500",0.943
Matvei Gridin,Calgary Flames,F,"$942,500",0.943
Sam Rinzel,Chicago Blackhawks,D,"$941,667",0.942
Oliver Moore,Chicago Blackhawks,F,"$941,667",0.942
Gabe Perreault,New York Rangers,F,"$941,667",0.942
Collin Graf,San Jose Sharks,F,"$941,667",0.942
Ivan Demidov,Montreal Canadiens,F,"$940,833",0.941
Tyler Tucker,St Louis Blues,D,"$925,000",0.925
Jackson LaCombe,Anaheim Ducks,D,"$925,000",0.925
Arseny Gritsyuk,New Jersey Devils,F,"$925,000",0.925
Marat Khusnutdinov,Boston Bruins,F,"$925,000",0.925
Ian Moore,Anaheim Ducks,D,"$925,000",0.925
Alexander Nikishin,Carolina Hurricanes,D,"$925,000",0.925
Fyodor Svechkov,Nashville Predators,F,"$925,000",0.925
Josh Doan,Buffalo Sabres,F,"$925,000",0.925
Oliver Kapanen,Montreal Canadiens,F,"$925,000",0.925
Ryan Ufko,Nashville Predators,D,"$925,000",0.925
Pavel Mintyukov,Anaheim Ducks,D,"$918,333",0.918
Simon Nemec,New Jersey Devils,D,"$918,333",0.918
Lian Bichsel,Dallas Stars,D,"$918,333",0.918
Calum Ritchie,New York Islanders,F,"$918,333",0.918
Axel Sandin Pellikka,Detroit Red Wings,D,"$918,333",0.918
Dominic James,Tampa Bay Lightning,F,"$910,000",0.91
Josh Mahura,Seattle Kraken,D,"$907,500",0.907
Jackson Blake,Carolina Hurricanes,F,"$905,833",0.906
Emil Andrae,Philadelphia Flyers,D,"$903,333",0.903
Jacob Bryson,Winnipeg Jets,D,"$900,000",0.9
Joseph Veleno,Montreal Canadiens,F,"$900,000",0.9
John Beecher,Calgary Flames,F,"$900,000",0.9
Landon Slaggert,Chicago Blackhawks,F,"$900,000",0.9
Louis Crevier,Chicago Blackhawks,D,"$900,000",0.9
Marc Gatcomb,New York Islanders,F,"$900,000",0.9
Michael McCarron,Minnesota Wild,F,"$900,000",0.9
Noah Juulsen,Philadelphia Flyers,D,"$900,000",0.9
Caleb Jones,Pittsburgh Penguins,D,"$900,000",0.9
Mathieu Joseph,Los Angeles Kings,F,"$900,000",0.9
Ryan Shea,Pittsburgh Penguins,D,"$900,000",0.9
Simon Edvinsson,Detroit Red Wings,D,"$894,167",0.894
Isak Rosén,Winnipeg Jets,F,"$894,167",0.894
Cale Fleury,Seattle Kraken,D,"$890,000",0.89
Conor Geekie,Tampa Bay Lightning,F,"$886,666",0.887
Matthew Savoie,Edmonton Oilers,F,"$886,666",0.887
Denton Mateychuk,Columbus Blue Jackets,D,"$886,666",0.887
Reid Schaefer,Nashville Predators,F,"$886,666",0.887
Shane Wright,Seattle Kraken,F,"$886,666",0.887
Marco Kasper,Detroit Red Wings,F,"$886,666",0.887
Noah Östlund,Buffalo Sabres,F,"$886,666",0.887
Joakim Kemell,Nashville Predators,F,"$886,666",0.887
Liam Öhgren,Vancouver Canucks,F,"$886,666",0.887
Jiri Kulich,Buffalo Sabres,F,"$886,666",0.887
Brad Lambert,Winnipeg Jets,F,"$886,666",0.887
Samuel Honzek,Calgary Flames,F,"$886,666",0.887
Dalibor Dvorský,St Louis Blues,F,"$886,666",0.887
Jacob Bernard-Docker,Detroit Red Wings,D,"$875,000",0.875
Logan Mailloux,St Louis Blues,D,"$875,000",0.875
Nikita Grebenkin,Philadelphia Flyers,F,"$875,000",0.875
Nikolas Matinpalo,Ottawa Senators,D,"$875,000",0.875
Jacob Quillan,Toronto Maple Leafs,F,"$875,000",0.875
Easton Cowan,Toronto Maple Leafs,F,"$873,500",0.874
Noah Laba,New York Rangers,F,"$870,000",0.87
Victor Mancini,Vancouver Canucks,D,"$870,000",0.87
Justin Hryckowian,Dallas Stars,F,"$870,000",0.87
Arttu Hyry,Dallas Stars,F,"$870,000",0.87
Jaroslav Chmelar,New York Rangers,F,"$867,500",0.868
Zakhar Bardakov,Colorado Avalanche,F,"$867,500",0.868
Jared Wright,Los Angeles Kings,F,"$867,500",0.868
Nick Lardis,Chicago Blackhawks,F,"$865,000",0.865
Brandt Clarke,Los Angeles Kings,D,"$863,334",0.863
Zachary L'Heureux,Nashville Predators,F,"$863,334",0.863
Zack Bolduc,Montreal Canadiens,F,"$863,334",0.863
William Eklund,San Jose Sharks,F,"$863,333",0.863
Denver Barkey,Philadelphia Flyers,F,"$863,333",0.863
Ethan Del Mastro,Chicago Blackhawks,D,"$855,833",0.856
Adam Boqvist,New York Islanders,D,"$850,000",0.85
Hendrix Lapierre,Washington Capitals,F,"$850,000",0.85
Alex Steeves,Boston Bruins,F,"$850,000",0.85
Uvis Balinskis,Florida Panthers,D,"$850,000",0.85
Zemgus Girgensons,Tampa Bay Lightning,F,"$850,000",0.85
A.J. Greer,Florida Panthers,F,"$850,000",0.85
Philippe Myers,Toronto Maple Leafs,D,"$850,000",0.85
Olen Zellweger,Anaheim Ducks,D,"$844,167",0.844
Elias Pettersson,Vancouver Canucks,D,"$838,333",0.838
Braeden Bowman,Vegas Golden Knights,F,"$837,500",0.838
Avery Hayes,Pittsburgh Penguins,F,"$830,000",0.83
Ryan Winterton,Seattle Kraken,F,"$828,333",0.828
Jacob Melanson,Seattle Kraken,F,"$826,111",0.826
Jordan Harris,Boston Bruins,D,"$825,000",0.825
Oskar Back,Dallas Stars,F,"$825,000",0.825
Spencer Stastney,Edmonton Oilers,D,"$825,000",0.825
Parker Kelly,Colorado Avalanche,F,"$825,000",0.825
Kaedan Korczak,Vegas Golden Knights,D,"$825,000",0.825
Cole Schwindt,Florida Panthers,F,"$825,000",0.825
Justin Sourdif,Washington Capitals,F,"$825,000",0.825
Colton Dach,Edmonton Oilers,F,"$825,000",0.825
Zack Ostapchuk,San Jose Sharks,F,"$825,000",0.825
Nick Cousins,Ottawa Senators,F,"$825,000",0.825
Emmitt Finnie,Detroit Red Wings,F,"$821,667",0.822
Fraser Minten,Boston Bruins,F,"$816,666",0.817
Elias Salomonsson,Winnipeg Jets,D,"$815,000",0.815
Logan Stankoven,Carolina Hurricanes,F,"$814,167",0.814
Vincent Iorio,New York Rangers,D,"$814,167",0.814
Yan Kuznetsov,Calgary Flames,D,"$812,500",0.812
Cole Reinhardt,Florida Panthers,F,"$812,500",0.812
Tim Washe,Anaheim Ducks,F,"$812,500",0.812
Ville Koivunen,Pittsburgh Penguins,F,"$805,833",0.806
Samuel Helenius,Los Angeles Kings,F,"$805,833",0.806
Nick DeSimone,Utah Mammoth,D,"$800,000",0.8
Ville Heinola,Winnipeg Jets,D,"$800,000",0.8
Matthew Kessel,St Louis Blues,D,"$800,000",0.8
Emil Lilleberg,Tampa Bay Lightning,D,"$800,000",0.8
Marcus Johansson,Minnesota Wild,F,"$800,000",0.8
Dylan McIlrath,Washington Capitals,D,"$800,000",0.8
Brendan Smith,Columbus Blue Jackets,D,"$800,000",0.8
Mark Jankowski,Carolina Hurricanes,F,"$800,000",0.8
Rodrigo Abols,Philadelphia Flyers,F,"$800,000",0.8
Jonny Brodzinski,New York Rangers,F,"$787,500",0.787
Jansen Harkins,Anaheim Ducks,F,"$787,500",0.787
Troy Stecher,Toronto Maple Leafs,D,"$787,500",0.787
Jeff Petry,Minnesota Wild,D,"$775,000",0.775
Alexander Petrovic,Dallas Stars,D,"$775,000",0.775
Vinnie Hinostroza,Florida Panthers,F,"$775,000",0.775
Adam Erne,Dallas Stars,F,"$775,000",0.775
Curtis Lazar,Edmonton Oilers,F,"$775,000",0.775
Luke Glendening,Philadelphia Flyers,F,"$775,000",0.775
Scott Sabourin,Tampa Bay Lightning,F,"$775,000",0.775
Nathan Walker,St Louis Blues,F,"$775,000",0.775
Tomas Nosek,Florida Panthers,F,"$775,000",0.775
Robby Fabbri,Minnesota Wild,F,"$775,000",0.775
Conor Sheary,New York Rangers,F,"$775,000",0.775
Kyle Capobianco,Dallas Stars,D,"$775,000",0.775
Tyson Jost,Nashville Predators,F,"$775,000",0.775
Luke Kunin,Florida Panthers,F,"$775,000",0.775
Dennis Cholowski,New Jersey Devils,D,"$775,000",0.775
Nathan Bastian,Dallas Stars,F,"$775,000",0.775
Jacob Moverare,Los Angeles Kings,D,"$775,000",0.775
Michael Carcone,Utah Mammoth,F,"$775,000",0.775
Zack MacEwen,New Jersey Devils,F,"$775,000",0.775
Kailer Yamamoto,Utah Mammoth,F,"$775,000",0.775
Pierre-Olivier Joseph,Vancouver Canucks,D,"$775,000",0.775
Jonah Gadjovich,Florida Panthers,F,"$775,000",0.775
Jonas Rondbjerg,Vegas Golden Knights,F,"$775,000",0.775
Dominik Shine,Detroit Red Wings,F,"$775,000",0.775
Filip Hallander,Pittsburgh Penguins,F,"$775,000",0.775
Linus Karlsson,Vancouver Canucks,F,"$775,000",0.775
Curtis Douglas,Vancouver Canucks,F,"$775,000",0.775
Jack St. Ivany,Pittsburgh Penguins,D,"$775,000",0.775
Paul Cotter,New Jersey Devils,F,"$775,000",0.775
John Leonard,Detroit Red Wings,F,"$775,000",0.775
Colin Blackwell,Dallas Stars,F,"$775,000",0.775
Kyle MacLean,New York Islanders,F,"$775,000",0.775
Jonathan Aspirot,Boston Bruins,D,"$775,000",0.775
Jeffrey Viel,Anaheim Ducks,F,"$775,000",0.775
Alex Turcotte,Los Angeles Kings,F,"$775,000",0.775
Matthew Robertson,New York Rangers,D,"$775,000",0.775
Maxwell Crozier,Tampa Bay Lightning,D,"$775,000",0.775
Charle-Edouard D'Astous,Tampa Bay Lightning,D,"$775,000",0.775
Brendan Brisson,New York Rangers,F,"$775,000",0.775
Ozzy Wiesblatt,Nashville Predators,F,"$775,000",0.775
Jack Finley,St Louis Blues,F,"$775,000",0.775
Donovan Sebrango,Florida Panthers,D,"$775,000",0.775
Daemon Hunt,Minnesota Wild,D,"$775,000",0.775
Adam Wilsby,Nashville Predators,D,"$775,000",0.775
Ilya Solovyov,Pittsburgh Penguins,D,"$775,000",0.775
Joshua Dunne,Buffalo Sabres,F,"$775,000",0.775
Jeff Malott,Los Angeles Kings,F,"$775,000",0.775
Mackie Samoskevich,Florida Panthers,F,"$775,000",0.775
Aatu Räty,Vancouver Canucks,F,"$775,000",0.775
Tyson Kozak,Buffalo Sabres,F,"$775,000",0.775
Declan Carlile,Tampa Bay Lightning,D,"$775,000",0.775
Taylor Ward,Los Angeles Kings,F,"$775,000",0.775
Nick Blankenburg,Colorado Avalanche,D,"$775,000",0.775
Ben Meyers,Seattle Kraken,F,"$775,000",0.775
Pavol Regenda,San Jose Sharks,F,"$775,000",0.775
Ethen Frank,Washington Capitals,F,"$775,000",0.775
Max Sasson,Vancouver Canucks,F,"$775,000",0.775
Zach Metsa,Buffalo Sabres,D,"$775,000",0.775
